age_norm,age_category,adj_rate_per100k_median,icu_pct,in_hosp_death_pct,annual_hosp_prob
50-64,50-64 years,83.25,0.191,0.043,8.325e-4
65-74,65-74 years,123.52499999999999,0.191,0.043,0.00123525
75-84,75-84 years,258.29999999999995,0.191,0.058,0.0025829999999999994
≥85,≥85 years,365.70000000000005,NA,NA,0.0036570000000000005
